zva,6.81
zvb,9.06
zvc,7.19
zvd,6.92
zve,6.07
zvf,6.65
zvg,7.2
zvh,9.32
zvi,5.8
zvj,9.17
zvk,6.32
zvl,5.91
zvm,7.2
zvn,8.37
zvo,8.22
zvp,5.36
zvq,9.08
zvr,6.13
zvs,9.84
zvt,7.97
zvu,9.86
zvv,8.82
zvw,8.84
zvx,5.07
zvy,6.5
zvz,8.91
zwa,8.47
zwb,7.77
zwc,9.71
zwd,7.35
zwe,5.19
zwf,7.33
zwg,7.66
zwh,6.67
zwi,8.02
zwj,6.09
zwk,6.66
zwl,9.13
zwm,7.01
zwn,9.25
zwo,9.11
zwp,7.97
zwq,9.24
zwr,9.21
zws,7.34
zwt,9.98
zwu,8.27
zwv,8.61
zww,7.49
zwx,9.75
zwy,9.29
zwz,6.92
zxa,7.44
zxb,5.39
zxc,7.11
zxd,9.5
zxe,8.41
zxf,5.22
zxg,7.03
zxh,9.13
zxi,6.9
zxj,5.69
zxk,9.11
zxl,6.27
zxm,8.7
zxn,6.01
zxo,7.27
zxp,7.39
zxq,8.27
zxr,5.15
zxs,5.06
zxt,9.79
zxu,7.67
zxv,9.04
zxw,6.63
zxx,6.42
zxy,7.3
zxz,8.56
zya,9.81
zyb,5.82
zyc,6.43
zyd,7.49
zye,8.06
zyf,8.08
zyg,8.86
zyh,7.34
zyi,7.86
zyj,9.46
zyk,6.13
zyl,7.98
zym,8.3
zyn,9.81
zyo,5.75
zyp,8.6
zyq,6.22
zyr,8.15
zys,8.01
zyt,9.37
zyu,6.65
zyv,5.39
zyw,9.49
zyx,6.53
zyy,7.22
zyz,8.9
zza,6.89
zzb,7.82
zzc,9.98
zzd,6.82
zze,6.43
zzf,6.06
zzg,8.88
zzh,7.26
zzi,5.94
zzj,5.25
zzk,6.39
zzl,6.74
zzm,9.73
zzn,6.57
zzo,7.29
zzp,5.31
zzq,6.75
zzr,9.51
zzs,5.38
zzt,5.54
zzu,8.37
zzv,5.13
zzw,9.49
zzx,9.09
zzy,5.13
zzz,9.72